Insert into WEBS.SUBSCRIPTION (SUBSCRIPTION_ID,CUSTOMER_ACCOUNT_ID,OFFER_ID,CREATE_DATE,UPDATE_DATE) values (997,9997,20000009,'2015-05-04',null);
Insert into WEBS.ENTITLED_PRODUCT (ENTITLED_PRODUCT_ID,SUBSCRIPTION_ID,PRODUCT_ID,ENTITLED_PRODUCT_STATE,SERVICE_STATE_ID,GRANT_ID,CREATE_DATE,UPDATE_DATE,SUBSCRIPTION_ADDON_ID) values (97,997,22000000,'INACTIVE',101,4541897816400737165,'2015-05-04','2015-06-02',null);
Insert into WEBS.ENTITLED_PRODUCT_ATTR (ENTITLED_PRODUCT_ID,ATTR_CODE,ATTR_TYPE,FEATURE_VALUE,LIMIT_UNIT_VALUE,CREATE_DATE,UPDATE_DATE,ATTR_NAME) values (997,'PLUS','Feature Set','PLUS',null,'2015-05-04','2015-08-14','Plus');


Insert into WEBS.SUBSCRIPTION (SUBSCRIPTION_ID,CUSTOMER_ACCOUNT_ID,OFFER_ID,CREATE_DATE,UPDATE_DATE) values (998,9997,20000012,'2015-05-04',null);
Insert into WEBS.ENTITLED_PRODUCT (ENTITLED_PRODUCT_ID,SUBSCRIPTION_ID,PRODUCT_ID,ENTITLED_PRODUCT_STATE,SERVICE_STATE_ID,GRANT_ID,CREATE_DATE,UPDATE_DATE,SUBSCRIPTION_ADDON_ID,PRODUCT_CODE) values (98,998,22000000,'INACTIVE',102,290499768162988943,'2015-05-04',null,null,'QBO');
Insert into WEBS.ENTITLED_PRODUCT_ATTR (ENTITLED_PRODUCT_ID,ATTR_CODE,ATTR_TYPE,FEATURE_VALUE,LIMIT_UNIT_VALUE,CREATE_DATE,UPDATE_DATE,ATTR_NAME) values (998,'PLUS','Feature Set','PLUS',null,'2015-05-04','2015-08-14','Plus');

Insert into WEBS.SUBSCRIPTION_ADDON(SUBSCRIPTION_ADDON_ID,SUBSCRIPTION_ID,OFFER_ID,CREATE_DATE,UPDATE_DATE,ENTITLESTATE_CHANGE_REASON_ID) values (7,998,20000001,'2015-05-04',null,null);
Insert into WEBS.ENTITLED_PRODUCT (ENTITLED_PRODUCT_ID,SUBSCRIPTION_ID,PRODUCT_ID,ENTITLED_PRODUCT_STATE,SERVICE_STATE_ID,GRANT_ID,CREATE_DATE,UPDATE_DATE,SUBSCRIPTION_ADDON_ID,PRODUCT_CODE) values (99,998,22000000,'INACTIVE',101,4541897816400737165,'2015-05-04','2015-06-02',7,'XXX');
Insert into WEBS.ENTITLED_PRODUCT_ATTR (ENTITLED_PRODUCT_ID,ATTR_CODE,ATTR_TYPE,FEATURE_VALUE,LIMIT_UNIT_VALUE,CREATE_DATE,UPDATE_DATE,ATTR_NAME) values (99,'PLUS','Feature Set','PLUS',null,'2015-05-04','2015-08-14','Plus');


Insert into WEBS.SUBSCRIPTION (SUBSCRIPTION_ID,CUSTOMER_ACCOUNT_ID,OFFER_ID,CREATE_DATE,UPDATE_DATE) values (999,9999,20000009,'2015-05-04',null);
Insert into WEBS.ENTITLED_PRODUCT (ENTITLED_PRODUCT_ID,SUBSCRIPTION_ID,PRODUCT_ID,ENTITLED_PRODUCT_STATE,SERVICE_STATE_ID,GRANT_ID,CREATE_DATE,UPDATE_DATE,SUBSCRIPTION_ADDON_ID) values (100,999,22000000,'INACTIVE',101,4541897816400737165,'2015-05-04','2015-06-02',null);





Insert into WEBS.SUBSCRIPTION (SUBSCRIPTION_ID,CUSTOMER_ACCOUNT_ID,OFFER_ID,CREATE_DATE,UPDATE_DATE) values (99999,9999,20000009,'2015-05-04',null);
Insert into WEBS.ENTITLED_PRODUCT (ENTITLED_PRODUCT_ID,SUBSCRIPTION_ID,PRODUCT_ID,ENTITLED_PRODUCT_STATE,SERVICE_STATE_ID,GRANT_ID,CREATE_DATE,UPDATE_DATE,SUBSCRIPTION_ADDON_ID) values (100000,99999,22000000,'INACTIVE',101,4541897816400737165,'2015-05-04','2015-06-02',null);
Insert into WEBS.ENTITLED_PRODUCT (ENTITLED_PRODUCT_ID,SUBSCRIPTION_ID,PRODUCT_ID,ENTITLED_PRODUCT_STATE,SERVICE_STATE_ID,GRANT_ID,CREATE_DATE,UPDATE_DATE,SUBSCRIPTION_ADDON_ID) values (100001,99999,22000001,'INACTIVE',101,4541897816400737165,'2015-05-04','2015-06-02',null);
Insert into WEBS.ENTITLED_PRODUCT_ATTR (ENTITLED_PRODUCT_ID,ATTR_CODE,ATTR_TYPE,FEATURE_VALUE,LIMIT_UNIT_VALUE,CREATE_DATE,UPDATE_DATE,ATTR_NAME) values (100000,'PLUS1','Feature Set','PLUS',null,'2015-05-04','2015-08-14','Plus');
Insert into WEBS.ENTITLED_PRODUCT_ATTR (ENTITLED_PRODUCT_ID,ATTR_CODE,ATTR_TYPE,FEATURE_VALUE,LIMIT_UNIT_VALUE,CREATE_DATE,UPDATE_DATE,ATTR_NAME) values (100001,'PLUS2','Feature Set','PLUS',null,'2015-05-04','2015-08-14','Plus');


Insert into WEBS.SUBSCRIPTION_ADDON(SUBSCRIPTION_ADDON_ID,SUBSCRIPTION_ID,OFFER_ID,CREATE_DATE,UPDATE_DATE,ENTITLESTATE_CHANGE_REASON_ID) values (100102,99999,22000002,'2015-05-04',null,null);
Insert into WEBS.ENTITLED_PRODUCT (ENTITLED_PRODUCT_ID,SUBSCRIPTION_ID,PRODUCT_ID,ENTITLED_PRODUCT_STATE,SERVICE_STATE_ID,GRANT_ID,CREATE_DATE,UPDATE_DATE,SUBSCRIPTION_ADDON_ID,PRODUCT_CODE) values (100103,99999,22000002,'INACTIVE',101,4541897816400737165,'2015-05-04','2015-06-02',100102,'XXX');
Insert into WEBS.ENTITLED_PRODUCT (ENTITLED_PRODUCT_ID,SUBSCRIPTION_ID,PRODUCT_ID,ENTITLED_PRODUCT_STATE,SERVICE_STATE_ID,GRANT_ID,CREATE_DATE,UPDATE_DATE,SUBSCRIPTION_ADDON_ID,PRODUCT_CODE) values (100104,99999,22000003,'INACTIVE',101,4541897816400737165,'2015-05-04','2015-06-02',100102,'XXX');
Insert into WEBS.ENTITLED_PRODUCT_ATTR (ENTITLED_PRODUCT_ID,ATTR_CODE,ATTR_TYPE,FEATURE_VALUE,LIMIT_UNIT_VALUE,CREATE_DATE,UPDATE_DATE,ATTR_NAME) values (100103,'PLUS3','Feature Set','PLUS',null,'2015-05-04','2015-08-14','Plus');
Insert into WEBS.ENTITLED_PRODUCT_ATTR (ENTITLED_PRODUCT_ID,ATTR_CODE,ATTR_TYPE,FEATURE_VALUE,LIMIT_UNIT_VALUE,CREATE_DATE,UPDATE_DATE,ATTR_NAME) values (100104,'PLUS4','Feature Set','PLUS',null,'2015-05-04','2015-08-14','Plus');

Insert into WEBS.subscription (SUBSCRIPTION_ID,CUSTOMER_ACCOUNT_ID,OFFER_ID,CREATE_DATE,UPDATE_DATE) values (997129,9997129,20000009,'2015-05-04',null);
Insert into WEBS.ENTITLED_PRODUCT(ENTITLED_PRODUCT_ID,SUBSCRIPTION_ID,PRODUCT_ID,ENTITLED_PRODUCT_STATE,SERVICE_STATE_ID,GRANT_ID,CREATE_DATE,UPDATE_DATE,SUBSCRIPTION_ADDON_ID,PRODUCT_CODE) values (100129,997129,22000129,'ACTIVE',103,4541897816400737165,'2015-05-04','2015-06-02',null,'QBDTCA');

Insert into WEBS.subscription (SUBSCRIPTION_ID,CUSTOMER_ACCOUNT_ID,OFFER_ID,CREATE_DATE,UPDATE_DATE) values (997128,9997128,20000009,'2015-05-04',null);
Insert into WEBS.ENTITLED_PRODUCT(ENTITLED_PRODUCT_ID,SUBSCRIPTION_ID,PRODUCT_ID,ENTITLED_PRODUCT_STATE,SERVICE_STATE_ID,GRANT_ID,CREATE_DATE,UPDATE_DATE,SUBSCRIPTION_ADDON_ID,PRODUCT_CODE) values (100128,997128,22000129,'ACTIVE',104,4541897816400737165,'2015-05-04','2015-06-02',null,'QBDTCA');

Insert into WEBS.subscription (SUBSCRIPTION_ID,CUSTOMER_ACCOUNT_ID,OFFER_ID,CREATE_DATE,UPDATE_DATE) values (997127,9997127,20000009,'2015-05-04',null);
Insert into WEBS.ENTITLED_PRODUCT(ENTITLED_PRODUCT_ID,SUBSCRIPTION_ID,PRODUCT_ID,ENTITLED_PRODUCT_STATE,SERVICE_STATE_ID,GRANT_ID,CREATE_DATE,UPDATE_DATE,SUBSCRIPTION_ADDON_ID,PRODUCT_CODE) values (100127,997127,22000129,'ACTIVE',105,4541897816400737165,'2015-05-04','2015-06-02',null,'QBDTCA');

Insert into WEBS.subscription (SUBSCRIPTION_ID,CUSTOMER_ACCOUNT_ID,OFFER_ID,CREATE_DATE,UPDATE_DATE) values (997126,9997126,20000009,'2015-05-04',null);
Insert into WEBS.ENTITLED_PRODUCT(ENTITLED_PRODUCT_ID,SUBSCRIPTION_ID,PRODUCT_ID,ENTITLED_PRODUCT_STATE,SERVICE_STATE_ID,GRANT_ID,CREATE_DATE,UPDATE_DATE,SUBSCRIPTION_ADDON_ID,PRODUCT_CODE) values (100126,997126,22000129,'ACTIVE',106,4541897816400737165,'2015-05-04','2015-06-02',null,'QBDTCA');

Insert into WEBS.subscription (SUBSCRIPTION_ID,CUSTOMER_ACCOUNT_ID,OFFER_ID,CREATE_DATE,UPDATE_DATE) values (997125,9997125,20000009,'2015-05-04',null);
Insert into WEBS.ENTITLED_PRODUCT(ENTITLED_PRODUCT_ID,SUBSCRIPTION_ID,PRODUCT_ID,ENTITLED_PRODUCT_STATE,SERVICE_STATE_ID,GRANT_ID,CREATE_DATE,UPDATE_DATE,SUBSCRIPTION_ADDON_ID,PRODUCT_CODE) values (100125,997125,22000129,'INACTIVE',103,4541897816400737165,'2015-05-04','2015-06-02',null,'QBDTCA');

Insert into WEBS.subscription (SUBSCRIPTION_ID,CUSTOMER_ACCOUNT_ID,OFFER_ID,CREATE_DATE,UPDATE_DATE) values (997124,9997124,20000009,'2015-05-04',null);
Insert into WEBS.ENTITLED_PRODUCT(ENTITLED_PRODUCT_ID,SUBSCRIPTION_ID,PRODUCT_ID,ENTITLED_PRODUCT_STATE,SERVICE_STATE_ID,GRANT_ID,CREATE_DATE,UPDATE_DATE,SUBSCRIPTION_ADDON_ID,PRODUCT_CODE) values (100124,997124,22000129,'ACTIVE',101,4541897816400737165,'2015-05-04','2015-06-02',null,'QBDTCA');

INSERT INTO WEBS.VP_DOMAIN (VP_DOMAIN_ID,VP_DOMAIN,CREATE_DATE,UPDATE_DATE) VALUES (01,'CA','2020-07-10',NULL);
INSERT INTO WEBS.VP_DOMAIN (VP_DOMAIN_ID,VP_DOMAIN,CREATE_DATE,UPDATE_DATE) VALUES (02,'UK','2020-07-10',NULL);

INSERT INTO WEBS.VP_SUBS_STAGING_STATE (VP_SUBS_STAGING_STATE_ID,VP_SUBS_STAGING_STATE,CREATE_DATE,UPDATE_DATE) VALUES (01,'ENTITLED','2020-07-10',NULL);
INSERT INTO WEBS.VP_SUBS_STAGING_STATE (VP_SUBS_STAGING_STATE_ID,VP_SUBS_STAGING_STATE,CREATE_DATE,UPDATE_DATE) VALUES (02,'DEENTITLED','2020-07-10',NULL);
INSERT INTO WEBS.VP_SUBS_STAGING_STATE (VP_SUBS_STAGING_STATE_ID,VP_SUBS_STAGING_STATE,CREATE_DATE,UPDATE_DATE) VALUES (03,'FULFILLED','2020-07-10',NULL);

INSERT INTO WEBS.VP_STAGING (VP_STAGING_ID,VP_DOMAIN_ID,VP_YEAR,CREATE_DATE,UPDATE_DATE) VALUES (10000,01,2020,'2020-07-10',NULL);
INSERT INTO WEBS.VP_STAGING (VP_STAGING_ID,VP_DOMAIN_ID,VP_YEAR,CREATE_DATE,UPDATE_DATE) VALUES (10001,01,2020,'2020-07-10',NULL);
INSERT INTO WEBS.VP_STAGING (VP_STAGING_ID,VP_DOMAIN_ID,VP_YEAR,CREATE_DATE,UPDATE_DATE) VALUES (10002,01,2021,'2020-07-10',NULL);
INSERT INTO WEBS.VP_STAGING (VP_STAGING_ID,VP_DOMAIN_ID,VP_YEAR,CREATE_DATE,UPDATE_DATE) VALUES (10003,02,2020,'2020-07-10',NULL);
INSERT INTO WEBS.VP_STAGING (VP_STAGING_ID,VP_DOMAIN_ID,VP_YEAR,CREATE_DATE,UPDATE_DATE) VALUES (10004,02,2020,'2020-07-10',NULL);
INSERT INTO WEBS.VP_STAGING (VP_STAGING_ID,VP_DOMAIN_ID,VP_YEAR,CREATE_DATE,UPDATE_DATE) VALUES (10005,01,2021,'2020-07-10',NULL);
INSERT INTO WEBS.VP_STAGING (VP_STAGING_ID,VP_DOMAIN_ID,VP_YEAR,CREATE_DATE,UPDATE_DATE) VALUES (10006,02,2021,'2020-07-10',NULL);

INSERT INTO WEBS.VP_SUBS_STAGING (VP_SUBS_STAGING_ID,VP_STAGING_ID,SUBSCRIPTION_ID,LICENSE,VP_EOC,VP_SUBS_STAGING_STATE_ID,CREATE_DATE,UPDATE_DATE) VALUES (10000,10000,997129,NULL,NULL,01,'2020-07-10',NULL);
INSERT INTO WEBS.VP_SUBS_STAGING (VP_SUBS_STAGING_ID,VP_STAGING_ID,SUBSCRIPTION_ID,LICENSE,VP_EOC,VP_SUBS_STAGING_STATE_ID,CREATE_DATE,UPDATE_DATE) VALUES (10001,10000,997128,NULL,NULL,02,'2020-07-10',NULL);

INSERT INTO WEBS.VP_TRANSACTION (VP_TRANSACTION_ID, VP_STAGING_ID, CREATE_DATE, UPDATE_DATE) VALUES ('ABCD123456789', 10000,'2020-07-10',NULL);

Insert into WEBS.subscription (SUBSCRIPTION_ID,CUSTOMER_ACCOUNT_ID,OFFER_ID,CREATE_DATE,UPDATE_DATE) values (997123,9997123,20000009,'2015-05-04',null);
Insert into WEBS.ENTITLED_PRODUCT(ENTITLED_PRODUCT_ID,SUBSCRIPTION_ID,PRODUCT_ID,ENTITLED_PRODUCT_STATE,SERVICE_STATE_ID,GRANT_ID,CREATE_DATE,UPDATE_DATE,SUBSCRIPTION_ADDON_ID,PRODUCT_CODE) values (100123,997123,22000129,'ACTIVE',103,4541897816400737165,'2015-05-04','2015-06-02',null,'QBDTCA');

Insert into WEBS.subscription (SUBSCRIPTION_ID,CUSTOMER_ACCOUNT_ID,OFFER_ID,CREATE_DATE,UPDATE_DATE) values (997122,9997122,20000009,'2015-05-04',null);
Insert into WEBS.ENTITLED_PRODUCT(ENTITLED_PRODUCT_ID,SUBSCRIPTION_ID,PRODUCT_ID,ENTITLED_PRODUCT_STATE,SERVICE_STATE_ID,GRANT_ID,CREATE_DATE,UPDATE_DATE,SUBSCRIPTION_ADDON_ID,PRODUCT_CODE) values (100122,997122,22000129,'INACTIVE',103,4541897816400737165,'2015-05-04','2015-06-02',null,'QBDTCA');

Insert into WEBS.subscription (SUBSCRIPTION_ID,CUSTOMER_ACCOUNT_ID,OFFER_ID,CREATE_DATE,UPDATE_DATE) values (997121,9997121,20000009,'2015-05-04',null);
Insert into WEBS.ENTITLED_PRODUCT(ENTITLED_PRODUCT_ID,SUBSCRIPTION_ID,PRODUCT_ID,ENTITLED_PRODUCT_STATE,SERVICE_STATE_ID,GRANT_ID,CREATE_DATE,UPDATE_DATE,SUBSCRIPTION_ADDON_ID,PRODUCT_CODE) values (100121,997121,22000129,'ACTIVE',101,4541897816400737165,'2015-05-04','2015-06-02',null,'QBDTCA');

Insert into WEBS.subscription (SUBSCRIPTION_ID,CUSTOMER_ACCOUNT_ID,OFFER_ID,CREATE_DATE,UPDATE_DATE) values (997120,9997120,20000009,'2015-05-04',null);
Insert into WEBS.ENTITLED_PRODUCT(ENTITLED_PRODUCT_ID,SUBSCRIPTION_ID,PRODUCT_ID,ENTITLED_PRODUCT_STATE,SERVICE_STATE_ID,GRANT_ID,CREATE_DATE,UPDATE_DATE,SUBSCRIPTION_ADDON_ID,PRODUCT_CODE) values (100120,997120,22000129,'INACTIVE',101,4541897816400737165,'2015-05-04','2015-06-02',null,'QBDTCA');

INSERT INTO WEBS.VP_SUBS_STAGING (VP_SUBS_STAGING_ID,VP_STAGING_ID,SUBSCRIPTION_ID,LICENSE,VP_EOC,VP_SUBS_STAGING_STATE_ID,CREATE_DATE,UPDATE_DATE) VALUES (10002,10000,997123,NULL,NULL,01,'2020-07-10',NULL);

INSERT INTO WEBS.VP_SUBS_STAGING (VP_SUBS_STAGING_ID,VP_STAGING_ID,SUBSCRIPTION_ID,LICENSE,VP_EOC,VP_SUBS_STAGING_STATE_ID,CREATE_DATE,UPDATE_DATE) VALUES (10003,10000,997121,NULL,NULL,01,'2020-07-10',NULL);

INSERT INTO WEBS.VP_SUBS_STAGING (VP_SUBS_STAGING_ID,VP_STAGING_ID,SUBSCRIPTION_ID,LICENSE,VP_EOC,VP_SUBS_STAGING_STATE_ID,CREATE_DATE,UPDATE_DATE) VALUES (10004,10000,997120,NULL,NULL,03,'2020-07-10',NULL);

--For QBES hosting tests
insert into WEBS.ENTITLED_PRODUCT_FEATURE (ENTITLED_PRODUCT_FEATURE_ID, ENTITLED_PRODUCT_ID, FEATURE_OFFER_ID, FEATURE_CODE, ENTITLED_FEATURE_STATE, SERVICE_STATE_ID, ENTITLESTATE_CHANGE_REASON_ID, CREATE_DATE, UPDATE_DATE) values (2345, 100120, 5432, 'Hosting', 'ACTIVE', 103, null, '2019-08-05', '2019-09-05');
insert into WEBS.ENT_PROD_FEAT_PROCESSING (ENT_PROD_FEAT_PROCESSING_ID, ENTITLED_STATE, PROCESSING_STATE, START_DATE, END_DATE, CREATE_DATE, UPDATE_DATE, ENTITLED_PRODUCT_FEATURE_ID) values (0, 'INACTIVE', 'COMPLETE', null, null, '2019-08-05', null, 2345);
insert into WEBS.ENT_PROD_FEAT_PROCESSING (ENT_PROD_FEAT_PROCESSING_ID, ENTITLED_STATE, PROCESSING_STATE, START_DATE, END_DATE, CREATE_DATE, UPDATE_DATE, ENTITLED_PRODUCT_FEATURE_ID) values (1, 'ACTIVE', 'PENDING', null, null, '2019-09-05', null, 2345);
insert into WEBS.QBES_HOSTING_REQUEST_STAGING(QBES_HOST_REQ_STG_ID, ACTIVITY_TYPE, EFFECTIVE_DATE, CAPTURE_TIME, CUSTOMER_ID, SUBSCRIPTION_ID, LICENSE, EOC, STATUS, ERROR_MESSAGE, ABORT_REASON, CREATE_DATE, UPDATE_DATE, ENT_PROD_FEAT_PROCESSING_ID) values (0, 'NEW', '2019-08-05', '2019-08-05', 9997119, 997119, '111', '1', 'COMPLETED', null, null, '2019-08-05', '2019-08-05', 0);
insert into WEBS.QBES_HOSTING_REQUEST_STAGING(QBES_HOST_REQ_STG_ID, ACTIVITY_TYPE, EFFECTIVE_DATE, CAPTURE_TIME, CUSTOMER_ID, SUBSCRIPTION_ID, LICENSE, EOC, STATUS, ERROR_MESSAGE, ABORT_REASON, CREATE_DATE, UPDATE_DATE, ENT_PROD_FEAT_PROCESSING_ID) values (1, 'CANCEL', '2019-09-05', '2019-09-05', 9997119, 997119, '111', '1', 'INITIATED', null, null, '2019-09-05', '2019-09-05', 1);
